DROP TABLE IF EXISTS `coups_ouverture`;
DROP TABLE IF EXISTS `coups_variantes`;
DROP TABLE IF EXISTS `lescoups`;
DROP TABLE IF EXISTS `ouvertures`;
DROP TABLE IF EXISTS `ouverture_variantes`;
DROP TABLE IF EXISTS `types`;
DROP TABLE IF EXISTS `variantes`;

CREATE TABLE `lescoups` (
  `id` int(11) NOT NULL AUTO_INCREMENT,
  `coup` varchar(25) NOT NULL,
  PRIMARY KEY (`id`)
) ENGINE=InnoDB  DEFAULT CHARSET=latin1 AUTO_INCREMENT=1 ;

CREATE TABLE `ouvertures` (
  `id` int(11) NOT NULL AUTO_INCREMENT,
  `ouverture` varchar(50) NOT NULL,
  `id_type` int(11) NOT NULL,
  PRIMARY KEY (`id`)
) ENGINE=InnoDB  DEFAULT CHARSET=utf8 AUTO_INCREMENT=1 ;

CREATE TABLE `coups_ouverture` (
  `id` int(11) NOT NULL AUTO_INCREMENT,
  `id_ouverture` int(11) NOT NULL,
  `id_coup` int(11) NOT NULL,
  PRIMARY KEY (`id`)
) ENGINE=InnoDB  DEFAULT CHARSET=latin1 AUTO_INCREMENT=1 ;

CREATE TABLE `ouverture_variantes` (
  `id` int(11) NOT NULL AUTO_INCREMENT,
  `id_ouverture` int(11) NOT NULL,
  `id_variante` int(11) NOT NULL,
  PRIMARY KEY (`id`)
) ENGINE=InnoDB  DEFAULT CHARSET=latin1 AUTO_INCREMENT=1 ;

CREATE TABLE `types` (
  `id` int(11) NOT NULL AUTO_INCREMENT,
  `type` varchar(50) NOT NULL,
  PRIMARY KEY (`id`)
) ENGINE=InnoDB  DEFAULT CHARSET=latin1 AUTO_INCREMENT=1 ;

CREATE TABLE `coups_variantes` (
  `id` int(11) NOT NULL AUTO_INCREMENT,
  `id_variante` int(11) NOT NULL,
  `id_coup` int(11) NOT NULL,
  PRIMARY KEY (`id`)
) ENGINE=InnoDB  DEFAULT CHARSET=latin1 AUTO_INCREMENT=1 ;

CREATE TABLE `variantes` (
  `id` int(11) NOT NULL AUTO_INCREMENT,
  `variante` varchar(60) NOT NULL,
  PRIMARY KEY (`id`)
) ENGINE=InnoDB  DEFAULT CHARSET=latin1 AUTO_INCREMENT=1 ;

INSERT INTO `coups_ouverture` (`id`, `id_ouverture`, `id_coup`) VALUES
(3, 2, 3),
(4, 2, 4),
(6, 3, 6),
(7, 3, 7),
(8, 3, 8),
(9, 3, 9),
(10, 4, 6),
(11, 4, 10),
(12, 4, 11),
(14, 5, 6),
(15, 5, 13),
(16, 5, 14),
(17, 6, 6),
(18, 6, 13),
(19, 6, 15),
(25, 9, 6),
(26, 9, 13),
(27, 9, 21),
(34, 1, 27),
(35, 1, 13),
(36, 1, 28),
(37, 1, 29),
(39, 10, 6),
(40, 11, 4),
(41, 11, 33),
(42, 11, 32),
(43, 12, 90),
(54, 13, 42),
(55, 13, 4),
(58, 15, 45),
(59, 15, 46),
(60, 15, 47),
(61, 15, 48),
(62, 5, 49),
(65, 20, 6),
(66, 20, 13),
(67, 20, 50),
(68, 20, 16),
(69, 20, 51),
(70, 20, 52),
(71, 22, 6),
(72, 22, 53),
(73, 23, 6),
(74, 23, 54),
(75, 23, 12),
(76, 24, 6),
(77, 24, 16),
(78, 24, 55),
(79, 24, 56),
(80, 24, 57),
(81, 24, 58),
(82, 24, 59),
(83, 24, 60),
(84, 25, 6),
(85, 25, 16),
(86, 25, 61),
(87, 25, 62),
(88, 25, 63),
(89, 10, 64),
(90, 9, 65),
(91, 9, 66),
(92, 9, 67),
(93, 9, 68),
(94, 9, 69),
(95, 9, 70),
(96, 16, 6),
(97, 16, 13),
(98, 16, 71),
(99, 16, 72),
(100, 6, 73),
(101, 6, 74),
(102, 21, 6),
(103, 21, 13),
(104, 21, 16),
(105, 21, 75),
(106, 18, 6),
(107, 18, 13),
(108, 18, 76),
(109, 18, 67),
(110, 18, 77),
(111, 18, 78),
(112, 18, 79),
(113, 17, 6),
(114, 17, 13),
(115, 17, 21),
(116, 32, 80),
(117, 32, 81),
(118, 32, 67),
(119, 32, 82),
(120, 32, 83),
(121, 32, 84),
(122, 32, 85),
(123, 32, 78),
(124, 32, 86),
(125, 32, 87),
(126, 32, 88),
(127, 32, 89),
(128, 8, 23),
(129, 8, 90),
(130, 8, 91),
(131, 8, 92),
(132, 8, 93),
(133, 33, 94),
(134, 33, 95),
(135, 33, 96),
(136, 33, 90),
(137, 33, 82),
(138, 33, 97),
(139, 33, 98),
(140, 33, 99),
(141, 33, 100),
(142, 33, 101),
(143, 34, 94),
(144, 34, 102),
(145, 19, 6),
(146, 19, 13),
(147, 19, 103),
(148, 19, 104),
(149, 19, 105),
(150, 35, 4),
(151, 35, 33),
(152, 35, 106),
(153, 35, 10),
(154, 35, 107),
(155, 35, 35),
(156, 35, 108),
(157, 35, 109),
(158, 35, 110),
(159, 35, 111),
(160, 35, 112),
(161, 35, 113),
(162, 35, 114),
(163, 35, 115),
(164, 35, 116),
(165, 35, 117),
(166, 35, 118),
(167, 35, 119),
(168, 36, 4),
(169, 36, 33),
(170, 36, 120),
(171, 36, 121),
(172, 37, 4),
(173, 37, 33),
(174, 37, 122),
(175, 38, 4),
(176, 38, 123),
(177, 38, 53),
(178, 39, 4),
(179, 39, 123),
(180, 39, 53),
(181, 39, 124),
(182, 39, 125),
(183, 40, 4),
(184, 40, 126),
(185, 40, 110),
(186, 40, 127),
(187, 40, 128),
(188, 40, 129),
(189, 40, 130),
(190, 40, 131),
(191, 41, 4),
(192, 41, 31),
(193, 41, 53),
(194, 41, 132),
(195, 41, 133),
(196, 41, 134),
(197, 47, 4),
(198, 47, 123),
(199, 47, 53),
(200, 47, 124),
(201, 47, 125),
(202, 47, 135),
(203, 47, 136),
(204, 47, 137),
(205, 47, 138),
(206, 47, 139),
(207, 47, 81),
(208, 47, 140),
(209, 47, 141),
(210, 48, 4),
(211, 48, 53),
(212, 48, 132),
(213, 48, 142),
(214, 48, 143),
(215, 42, 90),
(216, 42, 33),
(217, 42, 15),
(218, 12, 144),
(219, 12, 145),
(220, 12, 23),
(221, 43, 90),
(222, 43, 144),
(223, 43, 146),
(224, 44, 90),
(225, 44, 33),
(226, 44, 147),
(230, 4, 352),
(231, 4, 353),
(232, 4, 354),
(233, 4, 355),
(234, 4, 356),
(235, 4, 79),
(236, 11, 10),
(237, 11, 107),
(238, 11, 35),
(239, 11, 393),
(240, 11, 539),
(241, 11, 135),
(242, 11, 540),
(243, 11, 541),
(244, 11, 542),
(245, 11, 543);

INSERT INTO `coups_variante` (`id`, `id_variante`, `id_coup`) VALUES
(1, 1, 3),
(4, 2, 6),
(5, 2, 13),
(6, 2, 14),
(7, 2, 79),
(8, 1, 13),
(9, 1, 150),
(10, 1, 151),
(11, 1, 10),
(12, 1, 152),
(13, 1, 153),
(14, 1, 154),
(15, 1, 155),
(16, 1, 107),
(17, 1, 156),
(19, 3, 132),
(20, 3, 13),
(21, 3, 72),
(22, 3, 157),
(23, 3, 158),
(24, 3, 159),
(25, 3, 160),
(26, 3, 61),
(27, 3, 161),
(28, 4, 6),
(29, 4, 13),
(30, 4, 162),
(31, 4, 143),
(36, 5, 6),
(37, 5, 13),
(38, 5, 162),
(39, 5, 167),
(40, 5, 164),
(41, 5, 165),
(42, 6, 6),
(43, 6, 13),
(44, 6, 168),
(45, 6, 169),
(46, 6, 170),
(47, 6, 171),
(48, 6, 172),
(49, 6, 173),
(50, 7, 6),
(51, 7, 13),
(52, 7, 174),
(53, 7, 175),
(54, 8, 6),
(55, 8, 13),
(56, 8, 174),
(57, 8, 176),
(58, 8, 177),
(59, 8, 178),
(60, 8, 179),
(61, 8, 180),
(62, 8, 181),
(63, 8, 182),
(64, 8, 183),
(65, 8, 184),
(66, 8, 185),
(67, 8, 186),
(69, 16, 6),
(70, 16, 13),
(71, 16, 50),
(72, 16, 16),
(73, 16, 51),
(74, 16, 187),
(75, 16, 188),
(76, 16, 189),
(77, 16, 190),
(78, 16, 191),
(79, 17, 6),
(80, 17, 13),
(81, 17, 50),
(82, 17, 16),
(83, 17, 51),
(84, 17, 192),
(85, 17, 193),
(86, 17, 194),
(87, 17, 195),
(88, 17, 196),
(89, 17, 197),
(90, 18, 6),
(91, 18, 198),
(92, 18, 13),
(93, 18, 50),
(94, 18, 104),
(95, 18, 199),
(96, 18, 16),
(97, 18, 200),
(98, 18, 201),
(99, 18, 202),
(100, 18, 203),
(101, 18, 204),
(102, 19, 6),
(103, 19, 13),
(104, 19, 50),
(105, 19, 104),
(106, 19, 205),
(107, 20, 27),
(108, 20, 206),
(109, 20, 207),
(110, 20, 140),
(111, 20, 208),
(112, 21, 27),
(113, 21, 13),
(114, 21, 28),
(115, 21, 209),
(116, 21, 210),
(117, 21, 211),
(118, 21, 212),
(119, 21, 213),
(120, 21, 214),
(121, 21, 215),
(122, 22, 27),
(123, 22, 54),
(124, 22, 28),
(125, 22, 75),
(126, 22, 91),
(127, 22, 216),
(128, 22, 217),
(129, 22, 218),
(130, 22, 219),
(131, 22, 220),
(132, 22, 221),
(133, 22, 222),
(135, 23, 27),
(136, 23, 223),
(137, 23, 28),
(138, 23, 75),
(139, 23, 224),
(140, 23, 225),
(141, 23, 226),
(142, 23, 227),
(143, 23, 228),
(144, 23, 229),
(145, 23, 230),
(146, 23, 231),
(147, 23, 232),
(148, 23, 197),
(149, 24, 27),
(150, 24, 13),
(151, 24, 28),
(152, 24, 233),
(153, 24, 234),
(154, 24, 235),
(155, 24, 236),
(156, 25, 27),
(157, 25, 223),
(158, 25, 28),
(159, 25, 75),
(160, 25, 224),
(161, 25, 237),
(163, 25, 238),
(164, 26, 3),
(165, 26, 4),
(166, 26, 239),
(167, 26, 240),
(168, 26, 241),
(169, 26, 242),
(170, 27, 3),
(171, 27, 4),
(172, 27, 5),
(173, 27, 243),
(174, 27, 244),
(175, 27, 245),
(176, 27, 246),
(177, 27, 247),
(178, 27, 248),
(179, 27, 249),
(180, 27, 250),
(181, 27, 251),
(182, 28, 3),
(183, 28, 4),
(184, 28, 252),
(185, 28, 253),
(186, 28, 53),
(187, 28, 254),
(188, 28, 255),
(189, 28, 256),
(190, 28, 107),
(191, 28, 257),
(192, 29, 3),
(193, 29, 4),
(194, 29, 10),
(195, 29, 258),
(196, 29, 259),
(197, 29, 260),
(198, 29, 261),
(199, 29, 262),
(200, 29, 263),
(201, 29, 156),
(202, 30, 3),
(203, 30, 4),
(204, 30, 10),
(205, 30, 264),
(206, 30, 265),
(208, 30, 13),
(209, 30, 267),
(210, 30, 268),
(211, 30, 269),
(212, 30, 270),
(213, 30, 271),
(214, 30, 272),
(215, 30, 273),
(216, 31, 3),
(217, 31, 4),
(218, 31, 15),
(219, 31, 5),
(220, 32, 3),
(221, 32, 4),
(222, 32, 120),
(223, 32, 239),
(224, 32, 274),
(225, 32, 275),
(226, 32, 276),
(227, 32, 277),
(228, 32, 278),
(229, 32, 279),
(230, 32, 280),
(231, 33, 3),
(232, 33, 4),
(233, 33, 142),
(235, 34, 6),
(236, 34, 13),
(238, 34, 21),
(239, 34, 10),
(240, 34, 281),
(241, 34, 166),
(242, 34, 282),
(243, 34, 283),
(244, 34, 143),
(245, 35, 6),
(246, 35, 13),
(247, 35, 21),
(248, 35, 143),
(249, 36, 6),
(250, 36, 13),
(251, 36, 21),
(252, 36, 284),
(253, 36, 16),
(254, 36, 285),
(255, 36, 10),
(256, 36, 286),
(257, 36, 287),
(258, 36, 288),
(259, 36, 79),
(260, 37, 6),
(261, 37, 13),
(262, 37, 21),
(263, 37, 289),
(264, 37, 165),
(265, 37, 171),
(266, 37, 290),
(267, 37, 77),
(268, 37, 291),
(269, 38, 6),
(270, 38, 13),
(271, 38, 21),
(272, 38, 167),
(273, 38, 16),
(274, 39, 6),
(275, 39, 13),
(276, 39, 21),
(277, 39, 167),
(278, 39, 16),
(279, 39, 192),
(280, 39, 292),
(281, 39, 285),
(282, 40, 6),
(283, 40, 13),
(284, 40, 21),
(285, 40, 167),
(286, 40, 16),
(287, 40, 293),
(288, 40, 294),
(289, 40, 295),
(290, 40, 199),
(291, 40, 296),
(292, 40, 164),
(293, 41, 6),
(294, 41, 13),
(295, 41, 21),
(296, 41, 167),
(297, 41, 16),
(298, 41, 293),
(299, 41, 297),
(300, 41, 37),
(301, 41, 298),
(302, 41, 299),
(303, 41, 300),
(304, 41, 301),
(305, 41, 302),
(306, 41, 303),
(307, 41, 304),
(308, 41, 305),
(309, 42, 6),
(310, 42, 54),
(311, 42, 306),
(312, 42, 307),
(313, 42, 84),
(314, 42, 308),
(315, 42, 309),
(316, 42, 310),
(317, 42, 311),
(318, 42, 312),
(319, 43, 6),
(320, 43, 54),
(321, 43, 90),
(322, 43, 313),
(323, 43, 314),
(324, 43, 315),
(325, 43, 316),
(327, 43, 318),
(328, 43, 319),
(329, 43, 320),
(330, 44, 6),
(331, 44, 53),
(332, 44, 321),
(333, 44, 322),
(335, 45, 6),
(337, 45, 53),
(338, 45, 16),
(339, 45, 324),
(340, 45, 325),
(341, 45, 326),
(342, 45, 327),
(343, 46, 6),
(344, 46, 16),
(345, 46, 328),
(346, 46, 102),
(347, 46, 329),
(348, 46, 55),
(349, 46, 330),
(350, 46, 164),
(351, 46, 276),
(352, 47, 6),
(353, 47, 13),
(354, 47, 331),
(355, 47, 332),
(356, 47, 290),
(357, 48, 6),
(358, 48, 13),
(359, 48, 10),
(360, 48, 72),
(361, 48, 157),
(362, 48, 333),
(363, 48, 334),
(364, 48, 335),
(365, 49, 6),
(366, 49, 13),
(367, 49, 10),
(368, 49, 72),
(369, 49, 336),
(370, 49, 337),
(371, 49, 338),
(372, 49, 339),
(373, 49, 340),
(374, 49, 341),
(375, 49, 342),
(376, 50, 6),
(377, 50, 13),
(378, 50, 16),
(379, 50, 75),
(380, 50, 15),
(381, 50, 343),
(382, 50, 344),
(383, 50, 345),
(384, 50, 164),
(385, 50, 346),
(386, 51, 6),
(387, 51, 13),
(388, 51, 16),
(389, 51, 75),
(390, 51, 343),
(391, 52, 6),
(392, 52, 13),
(393, 52, 16),
(395, 52, 268),
(396, 52, 347),
(397, 52, 348),
(398, 52, 349),
(399, 52, 350),
(400, 52, 351),
(401, 53, 6),
(402, 53, 10),
(403, 53, 357),
(404, 53, 358),
(405, 53, 359),
(406, 54, 80),
(407, 54, 81),
(408, 54, 360),
(409, 54, 38),
(410, 54, 361),
(411, 54, 362),
(412, 54, 363),
(413, 54, 353),
(414, 55, 42),
(415, 55, 4),
(416, 55, 345),
(417, 55, 240),
(418, 55, 364),
(419, 55, 365),
(420, 55, 366),
(421, 56, 42),
(422, 56, 4),
(423, 56, 345),
(424, 56, 126),
(425, 56, 124),
(426, 56, 353),
(427, 56, 367),
(428, 56, 255),
(429, 56, 368),
(430, 56, 369),
(431, 56, 370),
(432, 56, 371),
(433, 56, 372),
(434, 56, 373),
(435, 56, 374),
(436, 56, 375),
(437, 57, 42),
(438, 57, 4),
(439, 57, 345),
(440, 57, 126),
(441, 57, 91),
(442, 57, 376),
(443, 57, 377),
(444, 58, 42),
(445, 58, 4),
(446, 58, 378),
(447, 58, 379),
(448, 58, 380),
(449, 58, 381),
(450, 58, 382),
(451, 58, 383),
(452, 58, 384),
(453, 59, 42),
(454, 59, 4),
(455, 59, 378),
(456, 59, 385),
(457, 59, 33),
(458, 59, 386),
(459, 59, 387),
(460, 60, 42),
(461, 60, 4),
(462, 60, 378),
(463, 60, 31),
(464, 60, 388),
(465, 60, 386),
(466, 60, 389),
(467, 61, 42),
(468, 61, 4),
(469, 61, 378),
(470, 61, 390),
(471, 61, 391),
(472, 61, 392),
(473, 61, 393),
(474, 61, 394),
(475, 61, 395),
(476, 61, 396),
(477, 61, 397),
(478, 61, 398),
(479, 61, 399),
(480, 61, 400),
(481, 61, 401),
(482, 61, 402),
(483, 62, 42),
(484, 62, 4),
(485, 62, 378),
(486, 62, 126),
(487, 62, 403),
(488, 63, 42),
(489, 63, 4),
(490, 63, 378),
(491, 63, 126),
(492, 63, 404),
(493, 63, 76),
(494, 63, 405),
(495, 63, 226),
(496, 63, 406),
(497, 63, 407),
(498, 64, 42),
(499, 64, 4),
(501, 64, 378),
(502, 64, 126),
(503, 64, 409),
(504, 64, 82),
(505, 64, 83),
(506, 64, 410),
(507, 64, 411),
(508, 64, 412),
(509, 67, 42),
(510, 67, 4),
(511, 67, 378),
(512, 67, 126),
(513, 67, 413),
(514, 67, 414),
(515, 67, 415),
(516, 67, 416),
(517, 67, 417),
(518, 68, 42),
(519, 68, 4),
(520, 68, 418),
(521, 68, 253),
(522, 68, 53),
(523, 68, 254),
(524, 68, 419),
(525, 68, 420),
(526, 68, 107),
(527, 68, 156),
(528, 69, 42),
(529, 69, 4),
(530, 69, 418),
(531, 69, 253),
(532, 69, 421),
(533, 69, 422),
(534, 69, 423),
(535, 69, 424),
(536, 69, 425),
(537, 69, 426),
(538, 70, 4),
(539, 70, 123),
(540, 70, 53),
(541, 70, 124),
(542, 70, 125),
(543, 70, 135),
(544, 70, 136),
(545, 70, 427),
(546, 70, 428),
(547, 71, 4),
(548, 71, 123),
(549, 71, 53),
(550, 71, 124),
(551, 71, 125),
(552, 71, 429),
(553, 71, 430),
(554, 71, 431),
(555, 71, 432),
(556, 72, 4),
(557, 72, 123),
(558, 72, 53),
(559, 72, 124),
(560, 72, 125),
(562, 72, 429),
(563, 72, 434),
(564, 72, 435),
(566, 72, 110),
(567, 73, 4),
(568, 73, 123),
(569, 73, 53),
(570, 73, 124),
(571, 73, 125),
(572, 73, 429),
(573, 73, 58),
(574, 73, 437),
(575, 73, 387),
(576, 73, 438),
(577, 73, 439),
(578, 73, 440),
(579, 74, 4),
(580, 74, 123),
(581, 74, 53),
(582, 74, 124),
(583, 74, 125),
(584, 74, 441),
(585, 74, 430),
(586, 74, 431),
(587, 74, 442),
(588, 74, 411),
(589, 74, 443),
(590, 75, 4),
(591, 75, 123),
(592, 75, 53),
(593, 75, 124),
(594, 75, 125),
(595, 75, 444),
(596, 75, 164),
(597, 75, 445),
(598, 75, 446),
(599, 75, 447),
(600, 76, 4),
(601, 76, 53),
(602, 76, 132),
(603, 76, 142),
(604, 76, 243),
(605, 76, 441),
(606, 76, 164),
(607, 76, 448),
(608, 76, 449),
(609, 76, 450),
(610, 77, 4),
(611, 77, 53),
(612, 77, 132),
(613, 77, 142),
(614, 77, 451),
(615, 77, 444),
(616, 77, 164),
(617, 77, 430),
(618, 77, 452),
(619, 77, 453),
(620, 77, 454),
(621, 78, 4),
(622, 78, 53),
(623, 78, 455),
(624, 78, 456),
(625, 78, 457),
(626, 78, 458),
(627, 78, 459),
(628, 78, 84),
(629, 78, 460),
(630, 78, 122),
(631, 80, 4),
(632, 80, 31),
(633, 80, 53),
(634, 80, 132),
(635, 80, 133),
(636, 80, 134),
(637, 80, 461),
(638, 80, 462),
(639, 80, 463),
(640, 80, 464),
(641, 80, 465),
(642, 80, 466),
(643, 80, 467),
(644, 81, 4),
(645, 81, 31),
(646, 81, 53),
(647, 81, 132),
(648, 81, 133),
(649, 81, 134),
(650, 81, 468),
(651, 81, 463),
(652, 81, 469),
(653, 81, 470),
(654, 81, 471),
(655, 81, 472),
(656, 81, 473),
(657, 81, 474),
(658, 82, 4),
(659, 82, 31),
(660, 82, 53),
(661, 82, 132),
(662, 82, 133),
(663, 82, 134),
(664, 82, 475),
(665, 82, 476),
(666, 82, 464),
(667, 82, 78),
(668, 82, 477),
(669, 82, 478),
(670, 82, 465),
(671, 82, 466),
(672, 82, 479),
(673, 83, 4),
(674, 83, 31),
(675, 83, 53),
(676, 83, 234),
(677, 83, 480),
(678, 83, 81),
(679, 83, 481),
(680, 83, 482),
(681, 83, 483),
(682, 84, 4),
(683, 84, 33),
(684, 84, 122),
(685, 84, 484),
(686, 84, 402),
(687, 85, 4),
(688, 85, 33),
(689, 85, 122),
(690, 85, 485),
(691, 85, 486),
(692, 85, 487),
(693, 85, 488),
(694, 85, 236),
(695, 86, 4),
(696, 86, 33),
(697, 86, 122),
(698, 86, 489),
(699, 86, 490),
(700, 86, 491),
(701, 86, 492),
(702, 86, 493),
(703, 86, 494),
(704, 86, 495),
(705, 86, 496),
(706, 86, 497),
(707, 86, 498),
(708, 86, 499),
(716, 88, 4),
(717, 88, 123),
(718, 88, 53),
(719, 88, 503),
(720, 88, 145),
(721, 88, 504),
(722, 88, 505),
(723, 88, 506),
(724, 88, 507),
(725, 89, 4),
(726, 89, 508),
(727, 89, 53),
(728, 89, 509),
(729, 89, 510),
(730, 89, 132),
(731, 89, 511),
(732, 89, 164),
(733, 89, 512),
(734, 89, 513),
(735, 89, 514),
(736, 89, 515),
(737, 89, 81),
(738, 89, 516),
(739, 89, 517),
(740, 90, 4),
(741, 90, 123),
(742, 90, 53),
(743, 90, 509),
(744, 90, 480),
(745, 90, 81),
(746, 90, 518),
(747, 90, 519),
(748, 91, 4),
(749, 91, 123),
(750, 91, 387),
(751, 91, 10),
(752, 91, 13),
(753, 91, 520),
(754, 91, 132),
(755, 91, 521),
(756, 91, 276),
(757, 91, 79),
(758, 92, 4),
(759, 92, 123),
(760, 92, 387),
(761, 92, 10),
(762, 92, 13),
(763, 92, 522),
(764, 92, 523),
(765, 92, 524),
(766, 92, 525),
(767, 92, 526),
(768, 92, 527),
(769, 93, 4),
(770, 93, 33),
(771, 93, 120),
(772, 93, 121),
(773, 93, 528),
(774, 93, 86),
(775, 93, 278),
(776, 93, 529),
(777, 93, 530),
(778, 93, 531),
(779, 93, 532),
(780, 94, 4),
(781, 94, 33),
(782, 94, 120),
(783, 94, 121),
(784, 94, 13),
(785, 94, 533),
(786, 94, 534),
(787, 94, 164),
(788, 94, 346),
(789, 94, 535),
(790, 95, 4),
(791, 95, 33),
(792, 95, 53),
(793, 95, 120),
(794, 95, 110),
(795, 95, 536),
(796, 95, 537),
(797, 95, 538),
(798, 95, 79),
(799, 96, 4),
(800, 96, 33),
(801, 96, 10),
(802, 96, 107),
(803, 96, 35),
(804, 96, 393),
(805, 96, 544),
(806, 96, 110),
(807, 96, 541),
(808, 96, 112),
(809, 96, 545),
(810, 96, 236),
(811, 97, 4),
(812, 97, 33),
(813, 97, 10),
(814, 97, 121),
(815, 97, 107),
(816, 97, 546),
(817, 97, 547),
(818, 97, 548),
(819, 97, 549),
(820, 97, 550),
(821, 97, 551),
(822, 97, 552),
(823, 98, 90),
(824, 98, 144),
(825, 98, 145),
(826, 98, 23),
(827, 98, 93),
(828, 98, 116),
(829, 98, 553),
(830, 99, 90),
(831, 99, 144),
(832, 99, 145),
(833, 99, 23),
(834, 99, 93),
(835, 99, 116),
(836, 99, 553),
(837, 99, 308),
(838, 100, 90),
(839, 100, 144),
(840, 100, 145),
(841, 100, 23),
(842, 100, 93),
(843, 100, 116),
(844, 100, 553),
(845, 100, 412),
(846, 101, 90),
(847, 101, 144),
(848, 101, 145),
(849, 101, 23),
(850, 101, 93),
(851, 101, 116),
(852, 101, 553),
(853, 101, 554),
(854, 101, 555),
(855, 101, 556),
(856, 101, 557),
(857, 102, 90),
(858, 102, 144),
(859, 102, 145),
(860, 102, 23),
(861, 102, 217),
(862, 102, 558),
(863, 103, 90),
(864, 103, 144),
(865, 103, 145),
(866, 103, 23),
(867, 103, 217),
(868, 103, 558),
(869, 103, 308),
(870, 103, 559),
(871, 103, 560),
(872, 103, 561),
(873, 103, 562),
(874, 103, 563),
(875, 103, 564),
(876, 104, 90),
(877, 104, 144),
(878, 104, 145),
(879, 104, 23),
(880, 104, 217),
(881, 104, 558),
(882, 104, 565),
(883, 104, 566),
(884, 104, 156),
(885, 105, 90),
(886, 105, 144),
(887, 105, 145),
(888, 105, 23),
(889, 105, 217),
(890, 105, 558),
(891, 105, 567),
(892, 105, 568),
(893, 105, 569),
(894, 105, 345),
(895, 106, 90),
(896, 106, 33),
(897, 106, 147),
(898, 106, 570),
(899, 106, 534),
(900, 106, 164),
(901, 106, 571),
(902, 106, 572),
(903, 106, 573),
(904, 106, 574),
(905, 107, 90),
(906, 107, 33),
(907, 107, 147),
(908, 107, 575),
(909, 107, 444),
(910, 107, 164),
(911, 107, 576),
(912, 107, 577),
(913, 107, 578),
(914, 107, 579),
(915, 107, 580),
(916, 107, 581),
(917, 108, 90),
(918, 108, 33),
(919, 108, 15),
(920, 108, 582),
(921, 108, 583),
(922, 108, 584),
(923, 108, 35),
(924, 108, 110),
(925, 108, 585),
(926, 108, 586),
(927, 108, 587),
(928, 109, 90),
(929, 109, 144),
(930, 109, 146),
(931, 109, 110),
(932, 109, 588),
(933, 109, 583),
(934, 109, 589),
(935, 109, 405),
(936, 109, 590),
(937, 109, 591),
(938, 109, 286),
(939, 109, 592),
(940, 109, 593),
(941, 33, 95),
(942, 33, 594),
(943, 33, 595),
(944, 33, 596),
(945, 33, 597),
(946, 33, 598),
(947, 33, 599),
(948, 33, 600),
(949, 33, 601),
(950, 33, 602),
(951, 33, 603),
(952, 110, 3),
(953, 110, 4),
(954, 110, 142),
(955, 110, 239),
(956, 110, 13),
(957, 110, 604),
(958, 110, 605),
(959, 110, 448),
(960, 110, 606),
(961, 87, 4),
(962, 87, 123),
(963, 87, 53),
(964, 87, 455),
(965, 87, 387),
(966, 87, 502);

INSERT INTO `lescoups` (`id`, `coup`) VALUES
(3, 'e2-e4 e7-e6'),
(4, 'd2-d4 d7-d5'),
(5, 'e4-e5 c7-c5'),
(6, 'e2-e4 e7-e5'),
(7, 'Ff1-b5'),
(8, 'Fa4 Cf6'),
(9, 'De2 Fc5'),
(10, 'Cb1-c3 Cg8-f6'),
(11, 'f2-f4 d7-d5'),
(12, 'd2-d4'),
(13, 'Cg1-f3 Cb8-c6'),
(14, 'Ff1-b5 Cg8-f6'),
(15, 'Cb1-c3 Ff8-b4'),
(16, 'd2-d4 e5xd4'),
(17, 'Cf3xd4 Fg7'),
(18, 'Fe3 Cf6'),
(21, 'Ff1-c4 Ff8-c5'),
(22, 'b2-b4'),
(23, 'e2-e4 d7-d6'),
(25, 'f2-f4 Fg7'),
(26, 'Cf3 O-O'),
(27, 'e2-e4 c7-c5'),
(28, 'd2-d4 c5xd4'),
(29, 'Cf3xd4'),
(31, 'c2-c4 d5xc4'),
(33, 'c2-c4 e7-e6'),
(35, 'e2-e3 0-0'),
(36, 'Fd3 c7-c5'),
(37, '0-0 Fb4xc3'),
(38, 'b2xc3 d7-d6'),
(39, 'Cf3-d2 b7-b6'),
(40, 'Cd2-b3 e6-e5'),
(41, 'f2-f4 e5-e4'),
(42, 'e2-e4 c7-c6'),
(43, 'Cc3 d5xe4'),
(45, 'c2-c4 Cf6'),
(47, 'Cf3 b7-b6'),
(48, 'e2-e4'),
(50, 'Ff1-c4 Cg8-f6'),
(51, '0-0 Ff8-c5'),
(52, 'e4-e5'),
(53, 'Cg1-f3 Cg8-f6'),
(54, 'Cg1-f3 d7-d6'),
(55, 'Dd1xd4 Cb8-c6'),
(56, 'Dd4-e3 Cg8-f6'),
(57, 'Cb1-c3 Ff8-b4'),
(58, 'Fc1-d2 0-0'),
(59, '0-0-0 Tf8-e8'),
(60, 'Ff1-c4 d7-d6'),
(61, 'c2-c3 d4xc3'),
(62, 'Ff1-c4 c3xb2'),
(63, 'Fc1xb2'),
(64, 'f2-f4 e5xf4'),
(65, 'b2-b4 Fc5xb4'),
(66, 'c2-c3 Fb4-a5'),
(67, 'd2-d4 d7-d6'),
(68, 'Dd1-b3 Dd8-d7'),
(69, 'd4xe5 Fa5-b6'),
(70, 'e5xd6'),
(71, 'Cb1-c3 Cg8-f6'),
(72, 'Ff1-b5 Cc6-d4'),
(73, 'Cc3-d5 Cg8-f6'),
(74, 'Ff1-c4'),
(75, 'Cf3xd4 Cg8-f6'),
(76, 'Ff1-c4 Ff8-e7'),
(77, 'h2-h3 Cg8-f6'),
(78, 'Cb1-c3 0-0'),
(79, '0-0'),
(80, 'e2-e4 Cg8-f6'),
(81, 'e4-e5 Cf6-d5'),
(82, 'Cg1-f3 Fc8-g4'),
(83, 'Ff1-e2 e7-e6'),
(84, '0-0 Ff8-e7'),
(85, 'c2-c4 Cd5-b6'),
(86, 'Fc1-e3 Cb8-c6'),
(87, 'e5xd6 c7xd6'),
(88, 'b2-b3 Fe7-f6'),
(89, 'a2-a3'),
(90, 'd2-d4 Cg8-f6'),
(91, 'Cb1-c3 g7-g6'),
(92, 'f2-f4 Ff8-g7'),
(93, 'Cg1-f3 0-0'),
(94, 'e2-e4 d7-d5'),
(95, 'e4xd5 Dd8xd5'),
(96, 'Cb1-c3 Dd5-a5'),
(97, 'h2-h3 Fg4xf3'),
(98, 'Dd1xf3 c7-c6'),
(99, 'Fc1-d2 Cb8-d7'),
(100, '0-0-0 e7-e6'),
(101, 'g2-g4'),
(102, 'e4xd5 Cg8-f6'),
(103, 'Ff1c4 Cg8-f6'),
(104, 'Cf3-g5 d7-d5'),
(105, 'e4xd5'),
(107, 'Fc1-g5 Ff8-e7'),
(108, 'Cg1-f3 h7-h6'),
(109, 'Fg5-h4 b7-b6'),
(110, 'c4xd5 Cf6xd5'),
(111, 'Fh4xe7 Dd8xe7'),
(112, 'Cc3xd5 e6xd5'),
(113, 'Ta1-c1 Fc8-e6'),
(114, 'Dd1-a4 c7-c5'),
(115, 'Da4-a3 Tf8-c8'),
(116, 'Ff1-e2 Cb8-d7'),
(117, '0-0 Rg8-f8'),
(118, 'd4xc5 b6xc5'),
(119, 'Tf1-d1'),
(120, 'Cb1-c3 c7-c5'),
(121, 'c4xd5 e6xd5'),
(122, 'Cb1-c3 c7-c6'),
(123, 'c2-c4 c7-c6'),
(124, 'Cb1-c3 e7-e6'),
(125, 'e2-e3 Cb8-d7'),
(126, 'c2-c4 Cg8-f6'),
(127, 'Cg1-f3 Fc8-f5'),
(128, 'Dd1-b3 Cb8-c6'),
(129, 'Cb1-d2 Cd5-b6'),
(130, 'e2-e4 Ff5-g6'),
(131, 'd4-d5 Cc6-b8'),
(132, 'e2-e3 e7-e6'),
(133, 'Ff1xc4 c7-c5'),
(134, '0-0 a7-a6'),
(135, 'Ff1-d3 d5xc4'),
(136, 'Fd3xc4 b7-b5'),
(137, 'Fc4-d3 Fc8-b7'),
(138, 'e3-e4 b5-b4'),
(139, 'Cc3-a5 c6-c5'),
(140, 'd4xc5 Dd8-a5'),
(141, '0-0 Ff8xc5'),
(142, 'Cb1-d2 c7-c5'),
(143, 'c2-c3'),
(144, 'c2-c4 g7-g6'),
(145, 'Cb1-c3 Ff8-g7'),
(146, 'Cb1-c3 d7-d5'),
(147, 'Cg1-f3 b7-b6'),
(148, 'Cg1-f3 d7-d5'),
(149, 'g2-g3'),
(150, 'Ff1-b5 d7-d6'),
(151, 'd2-d4 Fc8-d7'),
(152, 'Fb5-c6 Fd7xc6'),
(154, 'Dd1-d3 e5xd4'),
(155, 'Cf3xd4 Fc6-d7'),
(156, '0-0-0'),
(157, 'Cf3xd4 e5xd4'),
(158, '0-0 c7-c6'),
(159, 'Fb5-c4 Cg8-f6'),
(160, 'Dd1-e2 d7-d6'),
(161, 'Cb1xc3'),
(162, 'Ff1-b5 Ff8-c5'),
(164, '0-0 0-0'),
(165, 'd2-d4 Fc5-b6'),
(166, 'Fc1-g5 h7-h6'),
(167, 'c2-c3 Cg8-f6'),
(168, 'Ff1-b5 f7-f5'),
(169, 'd2-d3 f5xe4'),
(170, 'd3xe4 Cg8-f6'),
(171, '0-0 d7-d6'),
(172, 'Cb1-c3 Ff8-e7'),
(173, 'Dd1-d3'),
(174, 'Ff1-b5 a7-a6'),
(175, 'Fb5xc6 d7xc6'),
(176, 'Fb5-a4 Cg8-f6'),
(177, '0-0 Cf6xe4'),
(178, 'd2-d4 b7-b5'),
(179, 'Fa4-b3 d7-d5'),
(180, 'd4xe5 Fc8-e6'),
(181, 'c2-c3 Ff8-e7'),
(182, 'Cb1-d2 0-0'),
(183, 'Dd1-e2 Ce4-c5'),
(184, 'Cf3-d4 Cc5xb3'),
(185, 'Cd2xb3 Dd8-d7'),
(186, 'Cd4xc6 Dd7xc6'),
(187, 'e4-e5 Cf6-g4'),
(188, 'Fc1-f4 d7-d6'),
(189, 'e5xd6 Fc5xd6'),
(190, 'Ff4xd6 Dd8xd6'),
(191, 'Fc4-b5'),
(192, 'e4-e5 d7-d5'),
(193, 'e5xf6 d5xc4'),
(194, 'Tf1-e1 Fc8-e6'),
(195, 'Cf3-g5 Dd8-d5'),
(196, 'Cb1-c3 Dd5-f5'),
(197, 'Cc3-e4'),
(199, 'e4xd5 Cf6xd5'),
(200, '0-0 Fc8-e6'),
(201, 'Tf1-e1 Dd8-d7'),
(202, 'Cg5xf7 Re8xf7'),
(203, 'Dd1-f3 Rf7-g8'),
(204, 'Te1xe6'),
(205, 'e4xd5 Cc6-a5'),
(206, 'Cg1-f3 g7-g6'),
(207, 'd2-d4 Ff8-g7'),
(208, 'Cb1-c3'),
(209, 'Cf3xd4 g7-g6'),
(210, 'c2-c4 Ff8-g7'),
(211, 'Fc1-e3 Cg8-f6'),
(212, 'Cb1-c3 Cf6-g4'),
(213, 'Dd1xg4 Cc6xd4'),
(214, 'Dg4-d1 e7-e5'),
(215, 'Cc3-b5'),
(216, 'Fc1-e3 Ff8-g7'),
(217, 'f2-f3 0-0'),
(218, 'Dd1-d2 Cb8-c6'),
(219, 'Ff1-c4 Fc8-d7'),
(220, 'Fc4-b3 Dd8-a5'),
(221, '0-0-0 Tf8-c8'),
(222, 'Rc1-b1 Cc6-e5'),
(223, 'Cg1-f3 e7-e6'),
(224, 'Cb1-c3 d7-d6'),
(225, 'Ff1-e2 a7-a6'),
(226, '0-0 Cb8-d7'),
(227, 'f2-f4 b7-b5'),
(228, 'Fe2-f3 Fc8-b7'),
(229, 'e4-e5 Fb7xf3'),
(230, 'Cd4xf3 d6xe5'),
(231, 'f4xe5 Cf6-g4'),
(232, 'Dd1-e1 b5-b4'),
(233, 'Cf3xd4 e7-e6'),
(234, 'Cb1-c3 a7-a6'),
(235, 'Fc1-e3 Dd8-c7'),
(236, 'Ff1-e2'),
(237, 'Ff1-e2 Ff8-e7'),
(238, '0-0 Cb8-c6'),
(239, 'e4xd5 e6xd5'),
(240, 'Ff1-d3 Cb8-c6'),
(241, 'Cg1-e2 Ff8-d6'),
(242, 'Cb1-c3 Cg8-e7'),
(243, 'c2-c3 Cb8-c6'),
(244, 'Cg1-f3 Dd8-b6'),
(245, 'Ff1-e2 c5xd4'),
(246, 'c3xd4 Cg8-h6'),
(247, 'Cb1-c3 Ch6-f5'),
(248, 'Cc3-a4 Db6-a5'),
(249, 'Fc1-d2 Ff8-b4'),
(250, 'Fd2-c3 Fb4xc3'),
(251, 'Ca4xc3 Da5-b6'),
(252, 'Cb1-c3 d5xe4'),
(253, 'Cc3xe4 Cb8-d7'),
(254, 'Ce4xf6 Cd7xf6'),
(255, 'Ff1-d3 b7-b6'),
(256, 'Dd1-e2 Fc8-b7'),
(257, '0-0-0 0-0'),
(258, 'Fc1-g5 d5xe4'),
(259, 'Cc3xe4 Ff8-e7'),
(260, 'Fg5xf6 g7xf6'),
(261, 'Cg1-f3 f6-f5'),
(262, 'Ce4-c3 Fe7-f6'),
(263, 'Dd1-d2 c7-c5'),
(264, 'e4-e5 Cf6-d7'),
(265, 'f2-f4 c7-c5'),
(267, 'Fc1-e3 c5xd4'),
(268, 'Cf3xd4 Ff8-c5'),
(269, 'Dd1-d2 Cc6xd4'),
(270, 'Fe3xd4 Fc5xd4'),
(271, 'Dd2xd4 Dd8-b6'),
(272, 'Cc3-b5 Dd6xd4'),
(273, 'Cb5xd4'),
(274, 'd4xc5 d5-d4'),
(275, 'Ff1-b5 Cb8-c6'),
(276, 'Fb5xc6 b7xc6'),
(277, 'Cc3-e2 Ff8xc5'),
(278, 'Cg1-f3 Dd8-a5'),
(279, 'Fc1-d2 Da5-b6'),
(280, '0-0 a7-a5'),
(281, 'd2-d3 d7-d6'),
(282, 'Fg5xf6 Dd8xf6'),
(283, 'Cc3-d5 Df6-d8'),
(284, 'c2-c3 d7-d6'),
(285, 'c3xd4 Fc5-b6'),
(286, 'Fc1-e3 Fc8-g4'),
(287, 'Fc4-b3 0-0'),
(288, 'Dd1-d3 Tf8-e8'),
(289, 'c2-c3 Dd8-e7'),
(290, 'a2-a4 a7-a6'),
(291, 'Tf1-e1 0-0'),
(292, 'Fc4-b5 Cf6-e4'),
(293, 'c3xd4 Fc5-b4'),
(294, 'Fc1-d2 Fb4xd2'),
(295, 'Cb1xd2 d7-d5'),
(296, 'Dd1-b3 Cc6-e7'),
(297, 'Cb1-c3 Cf6xe4'),
(298, 'd4-d5 Fc3-f6'),
(299, 'Tf1-e1 Cc6-e7'),
(300, 'Te1xe4 d7-d6'),
(301, 'Fc1-g5 Ff6xg5'),
(302, 'Cf3xg5 0-0'),
(303, 'Cg5xh7 Rg8xh7'),
(304, 'Dd1-h5 Rh7-g8'),
(305, 'Te4-h4 f7-f5'),
(306, 'd2-d4 Cb8-d7'),
(307, 'Ff1-c4 c7-c6'),
(308, 'd4xe5 d6xe5'),
(309, 'Cf3-g5 Fe7xg5'),
(310, 'Dd1-h5 g7-g6'),
(311, 'Dh5xg5 Dd8xg5'),
(312, 'Fc1xg5'),
(313, 'd4xe5 Cf6xe4'),
(314, 'Cb1-d2 Ce4-c5'),
(315, 'Cd2-c4 d6-d5'),
(316, 'Fc1-g5 Dd8-d7'),
(318, 'Cc4-e3 c7-c6'),
(319, 'Cf3-d4 Ff8-e7'),
(320, 'Dd1-h5'),
(321, 'Cf3xe5 d7-d6'),
(322, 'Ce5-f3 Cf6xe4'),
(323, 'd2-d4 d6-d5'),
(324, 'e4-e5 Cf6-e4'),
(325, 'Dd1xd4 d7-d5'),
(326, 'e5xd6 Ce4xd6'),
(327, 'Fc1-g5 Cb8-c6'),
(328, 'c2-c3 d7-d5'),
(329, 'Cg1-f3 Cf6xd5'),
(330, 'Ff1-b5 Ff8-e7'),
(331, 'Ff1-c4 Ff8-e5'),
(332, 'b2-b4 Fc5-b6'),
(333, 'e4-e5 d4xc3'),
(334, 'e5xf6 Dd8xf6'),
(335, 'd2xc3 Df6-e5'),
(336, 'Cf3xe5 Dd8-e7'),
(337, 'f2-f4 Cd4xb5'),
(338, 'Cc3xb5 d7-d6'),
(339, 'Ce5-f3 De7xe4'),
(340, 'Re1-f2 Cf6-g4'),
(341, 'Rf2-g3 De4-g6'),
(342, 'Dd1-e2 Re8-d8'),
(343, 'Cd4xc6 b7xc6'),
(344, 'Ff1-d3 d7-d5'),
(345, 'e4xd5 c6xd5'),
(346, 'Fc1-g5 Fc8-e6'),
(347, 'Fc1-e3 Dd8-f6'),
(348, 'c2-c3 Cg8-e7'),
(349, 'Cd4-c2 Fc5xe3'),
(350, 'Cc2xe3 Df6-e5'),
(351, 'Dd1-f3'),
(352, 'f4xe5 Cf6xe4'),
(353, 'Cg1-f3 Ff8-e7'),
(354, 'd2-d4 0-0'),
(355, 'Ff1-d3 f7-f5'),
(356, 'e5xf6 Fe7xf6'),
(357, 'Ff1-c4 Cf6xe4'),
(358, 'Dd1-h5 Ce4-d6'),
(359, 'Dh5xe5'),
(360, 'Cb1-c3 Cd5xc3'),
(361, 'f2-f4 d6xe5'),
(362, 'f4xe5 Fc8-f5'),
(363, 'd2-d4 e7-e6'),
(364, 'c2-c3 Cg8--f6'),
(365, 'Fc1-f4 g7-g6'),
(366, 'h2-h3 Fc8-f5'),
(367, 'c4-c5 0-0'),
(368, 'b2-b4 a7-a5'),
(369, 'Cc3-a4 Cb8-d7'),
(370, 'a2-a3 a5xb4'),
(371, 'a3xb4 b6xc5'),
(372, 'b4xc5 e6-e5'),
(373, 'Cf3xe5 Fe7xc5'),
(374, '0-0 Cd7xe5'),
(375, 'd4xe5 Cf6-e4'),
(376, 'Dd1-b3 Ff8-g7'),
(377, 'c4xd5 0-0'),
(378, 'e4-e5 Fc8-f5'),
(379, 'Ff1-d3 Ff5xd3'),
(380, 'Dd1xd3 e7-e6'),
(381, 'Cb1-c3 Dd8-b6'),
(382, 'Cg1-e2 Db6-a6'),
(383, 'Ce2-f4 Da6xd3'),
(384, 'Cf4xd3 Cb8-d7'),
(385, 'h2-h4 h7-h5'),
(386, 'Cb1-c3 Cb8-d7'),
(387, 'c4xd5 c6xd5'),
(388, 'Ff1xc4 e7-e6'),
(389, 'Cg1-e2'),
(390, 'c2-c4 Fc8-f5'),
(391, 'Ce4-g3 ff5-g6'),
(392, 'h2-h4 h7-h6'),
(393, 'Cg1-f3 Cb8-d7'),
(394, 'h4-h5 Fg6-h7'),
(395, 'Ff1-d3 Fh7xd3'),
(396, 'Dd1xd3 Dd8-c7'),
(397, 'Fc1-d2 e7-e6'),
(398, 'Dd3-e2 Cg8-f6'),
(399, '0-0-0 0-0-0'),
(400, 'Cf3-e5 Cd7xe5'),
(401, 'd4xe5 Cf6-d7'),
(402, 'f2-f4'),
(403, 'Ce4xf6'),
(404, 'Ce4xf6 e7xf6'),
(405, 'Cg1-e2 0-0'),
(406, 'Fc4-b3 Tf8-e8'),
(407, 'Ce2-f4 Cd7-f8'),
(409, 'Ce4xf6 g7xg6'),
(410, 'c2-c4 Cb8-d7'),
(411, '0-0 Dd8-c7'),
(412, 'd4-d5'),
(413, 'Ce4xf6 g7xf6'),
(414, 'Cg1-e2 Fc8-g4'),
(415, 'Dd1-d3 Fg4xe2'),
(416, 'Ff1xe2 e7-e6'),
(417, '0-0 Ff8-d6'),
(418, 'Cb1-c3 d5xe4'),
(419, 'Ff1-c4 Fc8-f5'),
(420, 'Dd1-e2 e7-e6'),
(421, 'Ff1-c4 Cg8-g6'),
(422, 'Ce4-g5 e7-e6'),
(423, 'Dd1-e2 Cd7-b6'),
(424, 'Fc4-b3 h7-h6'),
(425, 'Cg5-f3 c6-c5'),
(426, 'Fc1-f4'),
(427, 'Fc4-d3 a7-a6'),
(428, 'e3-e4 c6-c5'),
(429, 'Dd1-c2 Ff8-d6'),
(430, 'e3-e4 d5xe4'),
(431, 'Cc3xe4 Cf6xe4'),
(432, 'Dc2xe4 e6-e5'),
(434, 'b2-b3 0-0'),
(435, 'Ff1-e2 e6-e5'),
(437, '0-0-0 e6-e5'),
(438, 'Cc3-b5 Fd6-b8'),
(439, 'd4xe5 Cd7xe5'),
(440, 'Fd2-c3 Dd8-e7'),
(441, 'Ff1-d3 Ff8-d6'),
(442, 'Fd3xe4 0-0'),
(443, 'Fe4-c2'),
(444, 'Ff1-d3 Ff8-e7'),
(445, 'b2-b3 b7-b6'),
(446, 'Fc1-b2 Fc8-b7'),
(447, 'Dd1-e2 Dd8-c7'),
(448, 'd4xc5 Fd6xc5'),
(449, 'e3-e4 Dd8-c7'),
(450, 'Dd1-e2 Cf6-g4'),
(451, 'c2-c3 Cb8-d7'),
(452, 'Cd2xe4 Cf6xe4'),
(453, 'Fd3xe4 Cd7-f6'),
(454, 'Fe4-c2 b7-b6'),
(455, 'e2-e3 Fc8-f5'),
(456, 'Ff1-d3 e7-e6'),
(457, 'Fd3xf5 e6xf5'),
(458, 'Dd1-d3 Dd8-c8'),
(459, 'b2-b3 Cb8-a6'),
(460, 'c2-c4 0-0'),
(461, 'Dd1-e2 Cb8-c6'),
(462, 'Cb1-c3 b7-b5'),
(463, 'Fc4-b3 Fc8-b7'),
(464, 'Tf1-d1 Dd8-c7'),
(465, 'd4-d5 e6xd5'),
(466, 'Cc3xd5 Cf6xd5'),
(467, 'Fb3xd5 Ff8-e7'),
(468, 'Dd1-e2 b7-b5'),
(469, 'Tf1-d1 Cb8-d7'),
(470, 'Cb1-c3 Dd8-b8'),
(471, 'd4-d5 Cf6xd5'),
(472, 'Cc3xd5 Fb7xd5'),
(473, 'Fb3xd5 e6xd5'),
(474, 'Td1xd5'),
(475, 'a2-a4 Cb8-c6'),
(476, 'Dd1-e2 Ff8-e7'),
(477, 'b2-b3 Fc8-d7'),
(478, 'Fc1-b2 Ta8-d8'),
(479, 'Fc4xd5 Fd7-g4'),
(480, 'e2-e4 b7-b5'),
(481, 'a2-a4 Cd5xc3'),
(482, 'b2xc3 Fc8-b7'),
(483, 'e5-e6'),
(484, 'e2-e3 f7-f6'),
(485, 'e2-e4 d5xe4'),
(486, 'Cc3xe4 Ff8-b4'),
(487, 'Fc1-d2 Dd8xd4'),
(488, 'Fd2xb4 Dd4xe4'),
(489, 'Cg1-f3 d5xc4'),
(490, 'a2-a4 Ff8-b4'),
(491, 'e2-e3 b7-b5'),
(492, 'Fc1-d2 a7-a5'),
(493, 'a4xb5 Fb4xc3'),
(494, 'Fd2xc3 c6xb5'),
(495, 'b2-b3 Fc8-b7'),
(496, 'd4-d5 Cg8-f6'),
(497, 'b3xc4 b5-b4'),
(498, 'Fc3xf6 Dd8xf6'),
(499, 'Dd1-a4'),
(502, 'Dd1-b3 Dd8-c7'),
(503, 'e2-e3 g7-g6'),
(504, 'Dd1-b3 0-0'),
(505, 'Fc1-d2 d5xc4'),
(506, 'Ff1xc4 Cb8-d7'),
(507, '0-0 Cd7-b6'),
(508, 'c2-c4 c7-c3'),
(509, 'Cb1-c3 d5xc4'),
(510, 'a2-a4 Fc8-f5'),
(511, 'Ff1xc4 Ff8-b4'),
(512, 'Dd1-e2 Cb8-d7'),
(513, 'e3-e4 Ff5-g6'),
(514, 'Fc4-d3 Fg6-h5'),
(515, 'Fc1-f4 Tf8-e8'),
(516, 'Cc3xd5 c6xd5'),
(517, 'De2-e3'),
(518, 'Cf3-g5 h7-h6'),
(519, 'Cg5-e4'),
(520, 'Fc1-f4 Fc8-f5'),
(521, 'Ff1-b5 Cf6-d7'),
(522, 'Fc1-f4 e7-e6'),
(523, 'e2-e3 Ff8-d6'),
(524, 'Ff4-g3 a7-a6'),
(525, 'Ff1-d3 Fd6xg3'),
(526, 'h2xg3 Dd8-d6'),
(527, 'Dd1-e2'),
(528, 'd4xc5 Cg8-f6'),
(529, 'Cf3-d2 Cf6-g4'),
(530, 'Cd2-b3 Cg4xe3'),
(531, 'f2xe3 Da5-d8'),
(532, 'Dd1xd5 Fc8-e6'),
(533, 'g2-g3 Cg8-f6'),
(534, 'Ff1-g2 Ff8-e7'),
(535, 'Ta1-c1 c5-c4'),
(536, 'e2-e3 Cb8-c6'),
(537, 'Ff1-d3 c5xd4'),
(538, 'e3xd4 Ff8-e7'),
(539, 'Ta1-c1 c7-c6'),
(540, 'Fd3xc4 Cf6-d5'),
(541, 'Fg5xe7 Dd8xe7'),
(542, '0-0 Cd5xc3'),
(543, 'Tc1xc3 e6-e5'),
(544, 'Dd1-c2 c2-c5'),
(545, 'd4xc5 Cd7xc5'),
(546, 'e2-e3 c7-c6'),
(547, 'Ff1-d3 Cb8-d7'),
(548, 'Dd1-c2 h7-h6'),
(549, 'Fg5-h4 0-0'),
(550, 'Cg1-f3 Tf8-e8'),
(551, '0-0 Cd7-f8'),
(552, 'Ta1-b1'),
(553, '0-0 e7-e5'),
(554, 'Tf1-e1 e5xd4'),
(555, 'Cf3xd4 Tf8-e8'),
(556, 'Fe2-f1 Cd7-c5'),
(557, 'f2-f3'),
(558, 'Fc1-e3 e7-e5'),
(559, 'Dd1xd8 Tf8xd8'),
(560, 'Cc3-d5 Cf6xd5'),
(561, 'c4xd5 c7-c6'),
(562, 'Ff1-c4 c6xd5'),
(563, 'Fc4xd5 Cb8-c6'),
(564, 'Ta1-d1 Cc6-d4'),
(565, 'd4-d5 Cf6-h5'),
(566, 'Dd1-d2 f7-f5'),
(567, 'Cg1-e2 c7-c6'),
(568, 'Dd1-d2 e5xd4'),
(569, 'Ce2xd4 d6-d5'),
(570, 'g2-g3 Fc8-b7'),
(571, 'Cb1-c3 Cf6-e4'),
(572, 'Dd1-c2 Ce4xc3'),
(573, 'Dc2xc3 f7-f5'),
(574, 'Cf3-e1'),
(575, 'e2-e3 Fc8-b7'),
(576, 'b2-b3 c7-c5'),
(577, 'Fc1-b2 d7-d5'),
(578, 'Cb1-c3 Cb8-c6'),
(579, 'Dd1-e2 c5xd4'),
(580, 'e3xd4 d5xc4'),
(581, 'b3xc4'),
(582, 'a2-a3 Fb4xc3'),
(583, 'b2xc3 c7-c5'),
(584, 'f2-f3 d7-d5'),
(585, 'Fc1-d2 Cb8-c6'),
(586, 'Ff1-d3 Cc6xd4'),
(587, 'c3xd4 e6-e5'),
(588, 'e2-e4 Cd5xc3'),
(589, 'Ff1-c4 Ff8-g7'),
(590, '0-0 c5xd4'),
(591, 'c3xd4 Cb8-c6'),
(592, 'f2-f3 Cc6-a5'),
(593, 'Fc4-d3 Fg4-e6'),
(594, 'Cg1-f3 c5xd4'),
(595, 'Ff1-c4 Dd5-d6'),
(596, '0-0 Cg8-f6'),
(597, 'Cd2-b3 Cb8-c6'),
(598, 'Tf1-e1 a7-a6'),
(599, 'a2-a4 Ff8-e7'),
(600, 'Cf3xd4 Cc6xd4'),
(601, 'Dd1xd4 Fc8-d7'),
(602, 'Fc1-f4 Dd6xd4'),
(603, 'Cb3xd4'),
(604, 'Ff1-b5 Ff8-d6'),
(605, '0-0 Cg8-e7'),
(606, 'Cd2-b3 Fc5-d6');

INSERT INTO `ouverture_variantes` (`id`, `id_ouverture`, `id_variante`) VALUES
(1, 5, 2),
(2, 5, 1),
(3, 5, 3),
(4, 5, 4),
(5, 5, 5),
(6, 5, 6),
(7, 5, 7),
(8, 5, 8),
(9, 20, 16),
(10, 20, 17),
(11, 19, 18),
(12, 19, 19),
(13, 1, 20),
(14, 1, 21),
(15, 1, 22),
(16, 1, 23),
(17, 1, 24),
(18, 1, 25),
(19, 2, 26),
(20, 2, 27),
(21, 2, 28),
(22, 2, 29),
(23, 2, 30),
(24, 2, 31),
(25, 2, 32),
(26, 2, 33),
(27, 17, 34),
(28, 17, 35),
(29, 17, 36),
(30, 17, 37),
(31, 17, 38),
(32, 17, 39),
(33, 17, 40),
(34, 17, 41),
(35, 23, 42),
(36, 23, 43),
(37, 22, 44),
(38, 22, 45),
(39, 25, 46),
(40, 9, 47),
(41, 16, 48),
(42, 16, 49),
(43, 21, 50),
(44, 21, 51),
(45, 21, 52),
(46, 4, 53),
(47, 32, 54),
(48, 13, 55),
(49, 13, 56),
(50, 13, 57),
(51, 13, 58),
(52, 13, 59),
(53, 13, 60),
(54, 13, 61),
(55, 13, 62),
(56, 13, 63),
(57, 13, 64),
(58, 13, 67),
(59, 13, 68),
(60, 13, 69),
(61, 39, 70),
(62, 39, 71),
(63, 39, 72),
(64, 39, 73),
(65, 39, 74),
(66, 39, 75),
(67, 48, 76),
(68, 48, 77),
(69, 48, 78),
(71, 41, 80),
(72, 41, 81),
(73, 41, 82),
(74, 41, 83),
(75, 37, 84),
(76, 37, 85),
(77, 37, 86),
(78, 38, 87),
(79, 38, 88),
(80, 38, 89),
(81, 38, 90),
(82, 38, 91),
(83, 38, 92),
(84, 36, 93),
(85, 36, 94),
(86, 36, 95),
(87, 11, 96),
(88, 11, 97),
(89, 12, 98),
(90, 12, 99),
(91, 12, 100),
(92, 12, 101),
(93, 12, 102),
(94, 12, 103),
(95, 12, 104),
(96, 12, 105),
(97, 44, 106),
(98, 44, 107),
(99, 42, 108),
(100, 43, 109),
(101, 2, 110);

INSERT INTO `ouvertures` (`id`, `ouverture`, `id_type`) VALUES
(1, 'Défense sicilienne', 2),
(2, 'Partie française', 2),
(4, 'Partie viennoise', 1),
(5, 'Partie espagnole', 1),
(6, 'Partie des trois cavaliers', 1),
(8, 'Défense Pirc', 2),
(9, 'Gambit Evans', 1),
(10, 'Gambit du roi', 1),
(11, 'Gambit de la dame orthodoxe', 3),
(12, 'Défense est-indienne', 4),
(13, 'Défense Caro-Kann', 2),
(16, 'Partie des quatre cavaliers', 1),
(17, 'Partie italienne', 1),
(18, 'Partie hongroise', 1),
(19, 'Défense des deux cavaliers', 1),
(20, 'Attaque Max-Lange', 1),
(21, 'Partie écossaise', 1),
(22, 'Défense russe', 1),
(23, 'Défense Philidor', 1),
(24, 'Gambit du centre', 1),
(25, 'Gambit du nord', 1),
(32, 'Défense Alekhine', 2),
(33, 'Défense scandinave', 2),
(34, 'Défense scandinave moderne', 2),
(35, 'Gambit de la dame néo-orthodoxe', 3),
(36, 'Défense Tarrasch classique', 3),
(37, 'Défense semi-slave', 3),
(38, 'Défense slave', 3),
(39, 'Défense de Méran', 3),
(40, 'Défense Marshall', 3),
(41, 'Gambit de la dame acceptée', 3),
(42, 'Défense Nimzovitch', 4),
(43, 'Défense Grunfeld', 4),
(44, 'Défense ouest-indienne', 4),
(47, 'Défense néo-mérane', 3),
(48, 'Système Colle', 3);

INSERT INTO `types` (`id`, `type`) VALUES
(1, 'débuts ouverts'),
(2, 'débuts semi-ouverts'),
(3, 'débuts fermés'),
(4, 'débuts semi-fermés');

INSERT INTO `variantes` (`id`, `variante`) VALUES
(1, 'Défense Steinitz'),
(2, 'Défense berlinoise'),
(3, 'Défense Bird'),
(4, 'Défense Cordel'),
(5, 'Défense Cordel moderne'),
(6, 'Défense de gambit'),
(7, 'Échange'),
(8, 'Défense ouverte'),
(9, 'Alekhine'),
(10, 'Italienne'),
(11, 'Russe'),
(12, 'Défense fermée'),
(13, 'Prise 3. C x e5'),
(14, 'Avance 3. d2-d4 (Steinitz)'),
(15, 'Protection du pion R'),
(16, 'Max-Lange refusée'),
(17, 'Max-Lange acceptée'),
(18, 'I'),
(19, 'II'),
(20, 'Dragon accéléré'),
(21, 'Dragon semi-accéléré'),
(22, 'Système Rauser'),
(23, 'Système Paulsen'),
(24, 'Système Taimanov'),
(25, 'Système de Scheveningue'),
(26, 'Echange'),
(27, 'Avance'),
(28, 'Protection (Rubinstein)'),
(29, 'Protection (Burn)'),
(30, 'Protection (Steinitz)'),
(31, 'Protection (Nimzovitch)'),
(32, 'Protection (Marshall)'),
(33, 'Tarrasch (4. ...Dd8xd5)'),
(34, 'I'),
(35, 'II'),
(36, 'II A'),
(37, 'II B (fermée)'),
(38, 'C (contre-attaque sur e4)'),
(39, 'C1'),
(40, 'C2'),
(41, 'C3 (gambit de Gréco)'),
(42, 'I'),
(43, 'II'),
(44, 'I'),
(45, 'II'),
(46, 'Gambit nordique refusé'),
(47, 'Gambit Evans refusé'),
(48, 'A'),
(49, 'B'),
(50, 'I'),
(51, 'II (Mieses)'),
(52, 'III (classique)'),
(53, '3. Fc4'),
(54, 'Moderne'),
(55, 'Échange'),
(56, 'Panov I'),
(57, 'Panov II'),
(58, 'Avance I'),
(59, 'Avance II'),
(60, 'Avance III'),
(61, 'Avance III A'),
(62, 'Avance III B'),
(63, 'III B (Tartakover)'),
(64, 'III B (Nimzovitch) A'),
(67, 'III B (Nimzovitch) B'),
(68, 'Cavalier dame A'),
(69, 'Cavalier dame B'),
(70, 'A'),
(71, 'Anti-mérane (Stoltz)'),
(72, 'Anti-mérane (Najdorf)'),
(73, 'Anti-mérane (Taimanov)'),
(74, 'Semi-mérane (Tchigorine)'),
(75, 'Semi-mérane (Bogoljubov)'),
(76, 'A'),
(77, 'B'),
(78, 'Système anti-Colle'),
(80, 'Pression sur d4'),
(81, 'Fianchetto accéléré'),
(82, 'Classique'),
(83, 'De gambit'),
(84, 'Protection de c4  A'),
(85, 'Protection de c4  B'),
(86, 'Sacifice provisoire de c4'),
(87, 'Refusé (sortie 4. ..., Ff5)'),
(88, 'Refusé (sortie 4. ..., g6)'),
(89, 'Gambit slave accepté'),
(90, 'Gambit'),
(91, 'Échange (symétrique)'),
(92, 'Échange (non symétrique)'),
(93, 'Gambit Tarrasch'),
(94, 'Variante de Prague'),
(95, 'Semi-classique'),
(96, '7. Dc2'),
(97, 'Échange'),
(98, '5. Cf3'),
(99, 'Cf3 (échange)'),
(100, 'Cf3 (fermeture du centre)'),
(101, 'Cf3 (attente)'),
(102, 'Système Samisch'),
(103, 'Samisch (stabilisation)'),
(104, 'Samisch (fermeture)'),
(105, 'Samisch (tension)'),
(106, 'Contre-fianchetto'),
(107, 'Variante fermée'),
(108, 'Samisch'),
(109, 'Échange'),
(110, 'Tarrasch (4. ...e6xd5)');
